{"cameraMode":{"drawMode":0,"name":"Shaded","section":"Shading Mode"},"sceneLighting":true,"audioPlay":false,"sceneViewState":{"m_AlwaysRefresh":false,"showFog":true,"showSkybox":true,"showFlares":true,"showImageEffects":true,"showParticleSystems":true,"showVisualEffectGraphs":true,"m_FxEnabled":true},"in2DMode":false,"pivot":{"x":-0.09665887802839279,"y":3.502904176712036,"z":0.4634130895137787},"rotation":{"x":0.11100633442401886,"y":-0.015527925454080105,"z":0.0017298371531069279,"w":0.9936990737915039},"size":1.1197116374969483,"orthographic":false}