{"cameraMode":{"drawMode":0,"name":"Shaded","section":"Shading Mode"},"sceneLighting":true,"audioPlay":false,"sceneViewState":{"m_AlwaysRefresh":false,"showFog":true,"showSkybox":true,"showFlares":true,"showImageEffects":true,"showParticleSystems":true,"showVisualEffectGraphs":true,"m_FxEnabled":true},"in2DMode":false,"pivot":{"x":-6.080286502838135,"y":3.6501171588897707,"z":3.405137538909912},"rotation":{"x":0.29949742555618288,"y":0.1092880442738533,"z":-0.034561194479465488,"w":0.9471877813339233},"size":1.2330318689346314,"orthographic":false}