{"cameraMode":{"drawMode":0,"name":"Shaded","section":"Shading Mode"},"sceneLighting":true,"audioPlay":false,"sceneViewState":{"m_AlwaysRefresh":false,"showFog":true,"showSkybox":true,"showFlares":true,"showImageEffects":true,"showParticleSystems":true,"showVisualEffectGraphs":true,"m_FxEnabled":true},"in2DMode":false,"pivot":{"x":-0.6296847462654114,"y":-3.580075979232788,"z":16.33463478088379},"rotation":{"x":-0.1836879849433899,"y":0.027122890576720239,"z":-0.005070462357252836,"w":-0.9826008677482605},"size":10.02251148223877,"orthographic":false}