{"cameraMode":{"drawMode":0,"name":"Shaded","section":"Shading Mode"},"sceneLighting":true,"audioPlay":false,"sceneViewState":{"m_AlwaysRefresh":false,"showFog":true,"showSkybox":true,"showFlares":true,"showImageEffects":true,"showParticleSystems":true,"showVisualEffectGraphs":true,"m_FxEnabled":true},"in2DMode":false,"pivot":{"x":-10.114700317382813,"y":4.404758453369141,"z":3.4030067920684816},"rotation":{"x":0.25443992018699648,"y":0.45176416635513308,"z":-0.13616962730884553,"w":0.8441745638847351},"size":1.2906688451766968,"orthographic":false}