{"cameraMode":{"drawMode":0,"name":"Shaded","section":"Shading Mode"},"sceneLighting":false,"audioPlay":false,"sceneViewState":{"m_AlwaysRefresh":false,"showFog":true,"showSkybox":false,"showFlares":true,"showImageEffects":true,"showParticleSystems":true,"showVisualEffectGraphs":true,"m_FxEnabled":true},"in2DMode":false,"pivot":{"x":-1.4840848445892335,"y":1.3661069869995118,"z":1.7153980731964112},"rotation":{"x":0.08342832326889038,"y":0.8925385475158691,"z":-0.18488013744354249,"w":0.4027867913246155},"size":0.3464101552963257,"orthographic":false}