{"cameraMode":{"drawMode":0,"name":"Shaded","section":"Shading Mode"},"sceneLighting":false,"audioPlay":false,"sceneViewState":{"m_AlwaysRefresh":false,"showFog":true,"showSkybox":false,"showFlares":true,"showImageEffects":true,"showParticleSystems":true,"showVisualEffectGraphs":true,"m_FxEnabled":true},"in2DMode":false,"pivot":{"x":-2.606879711151123,"y":1.1998333930969239,"z":-1.4631279706954957},"rotation":{"x":0.1937149465084076,"y":0.46538546681404116,"z":-0.10517307370901108,"w":0.8572237491607666},"size":0.3464101552963257,"orthographic":false}